Facebook Code Engineering,,https://engineering.fb.com/feed,Content / RSS Content / RSS Blog / RSS Company-Blog,Content: RSS,2023-01-26T00:29:19.259Z,<screenshot>,
Wikimedia Foundation Feed,,https://wikimediafoundation.org/feed/,Content / RSS Content / RSS Blog / RSS Company-Blog,Content: RSS,2023-01-19T00:32:12.329Z,<screenshot>,
Art19 Feed,,https://rss.art19.com/sean-carrolls-mindscape,Content / RSS Content / RSS Blog / RSS Company-Blog,Content: RSS,2023-01-01T23:13:07.030Z,<screenshot>,
Facebook Code RSS,,https://code.facebook.com/posts/rss/,Content / RSS Content / RSS Blog / RSS Company-Blog,Content: RSS,2022-11-11T00:59:15.086Z,<screenshot>,
Apple News Feed,,https://www.apple.com/newsroom/rss-feed.rss,Content / RSS Content / RSS Blog / RSS Company-Blog,Content: RSS,2022-12-19T01:54:19.382Z,<screenshot>,
Tim Ferriss Blog,,https://tim.blog/feed,Content / RSS Content / RSS Blog / RSS Personal-Blog,Content: RSS,2023-01-26T00:29:19.258Z,<screenshot>,
inessential.com,,https://inessential.com/xml/rss.xml,Content / RSS Content / RSS Blog / RSS Personal-Blog,Content: RSS,2023-01-26T00:29:19.257Z,,
Fiction Becomes Fact,,https://fictionbecomesfact.com/feed.xml,Content / RSS Content / RSS Blog / RSS Personal-Blog,Content: RSS,2023-01-26T00:29:19.257Z,,
Joschua Blog,,https://joschua.io//feed.xml,Content / RSS Content / RSS Blog / RSS Personal-Blog,Content: RSS,2023-01-17T19:01:30.229Z,<screenshot>,
Daring Fireball Feed,,https://daringfireball.net/feeds/main,Content / RSS Content / RSS Blog / RSS Personal-Blog,Content: RSS,2023-01-24T18:23:55.646Z,<screenshot>,
Archaeo BlogFeed,,https://www.archaeogeek.com/atom.xml,Content / RSS Content / RSS Blog / RSS Personal-Blog,Content: RSS,2023-01-17T10:39:46.525Z,,
Pymnts Feed,,https://www.pymnts.com/feed/,Content / RSS Content / RSS Blog / RSS Personal-Blog,Content: RSS,2023-01-17T09:51:53.107Z,<screenshot>,
Kovan Blog Feed,,https://blog.kovah.de/en/index.xml,Content / RSS Content / RSS Blog / RSS Personal-Blog,Content: RSS,2022-11-25T17:36:33.774Z,,
Use This Feed,,https://usesthis.com/feed.atom,Content / RSS Content / RSS Blog / RSS Personal-Blog,Content: RSS,2022-09-18T15:50:42.075Z,<screenshot>,
EFF - Howtofixtheinternet Feed,,https://feeds.eff.org/howtofixtheinternet,Content / RSS Content / RSS Blog / RSS Personal-Blog,Content: RSS,2022-06-17T20:41:30.148Z,<screenshot>,
Jon Bo Blog Feed,,https://jon.bo/posts/index.xml,Content / RSS Content / RSS Blog / RSS Personal-Blog,Content: RSS,2022-06-04T19:07:51.763Z,<screenshot>,
Dev Community Feed,,https://dev.to/feed,Content / RSS Content / RSS Blog / RSS Personal-Blog,Content: RSS,2022-06-04T18:31:51.699Z,,
S4vitar Blog Feed,,https://s4vitar.github.io/feed.xml,Content / RSS Content / RSS Blog / RSS Personal-Blog,Content: RSS,2022-06-04T18:04:36.622Z,,
Alpine Linux Feed,,https://www.alpinelinux.org/atom.xml,Content / RSS Content / RSS Blog / RSS Software-Blog,Content: RSS,2023-01-09T00:15:58.020Z,,
Calamares Feed,,https://calamares.io/feed.xml,Content / RSS Content / RSS Blog / RSS Software-Blog,Content: RSS,2022-06-08T17:29:15.149Z,,
Arch Linux: AUR packages,null,https://aur.archlinux.org/rss,Content / RSS Content / RSS Blog / RSS Software-Blog,Content: RSS,2023-01-14T05:38:47.063Z,<screenshot>,
GitHub Blog Feed,,https://github.blog/feed/,Content / RSS Content / RSS Blog / RSS Software-Blog,Content: RSS,2022-06-04T18:29:35.649Z,<screenshot>,
Artix Linux Feed,,https://artixlinux.org/feed.php,Content / RSS Content / RSS Blog / RSS Software-Blog,Content: RSS,2022-07-29T22:27:50.053Z,<screenshot>,
Sanity Feed Rss,,https://www.sanity.io/feed/rss,Content / RSS Content / RSS Blog / RSS Software-Blog,Content: RSS,2022-06-24T19:11:23.312Z,<screenshot>,
ArchiveOS Feed,,https://archiveos.org/feed/,Content / RSS Content / RSS Blog / RSS Software-Blog,Content: RSS,2022-06-08T19:44:42.545Z,<screenshot>,
Arch Linux: Recent package updates,,https://archlinux.org/feeds/packages/,Content / RSS Content / RSS Blog / RSS Software-Blog,Content: RSS,2022-10-29T18:46:33.976Z,<screenshot>,
Angular Blog Feed,,https://blog.angular.io/feed,Content / RSS Content / RSS Blog / RSS Software-Blog,Content: RSS,2022-06-04T18:30:32.254Z,,
Android Developers Blog,,http://feeds.feedburner.com/blogspot/hsDu,Content / RSS Content / RSS Blog / RSS Software-Blog,Content: RSS,2023-01-26T00:29:19.258Z,,
MySQL Performance Blog,,https://www.percona.com/blog/feed,Content / RSS Content / RSS Blog / RSS Software-Blog,Content: RSS,2023-01-26T00:29:19.260Z,<screenshot>,
YourBittorrent RSS,,https://yourbittorrent.com/rss.xml,Content / RSS Content / RSS Blog / RSS Software-Blog,Content: RSS,2022-12-09T16:29:36.852Z,<screenshot>,
RarBG Feed,,https://rarbg.to/rss.php,Content / RSS Content / RSS Blog / RSS Software-Blog,Content: RSS,2023-01-24T18:46:59.228Z,<screenshot>,
Moz Blog Feed,,https://moz.com/posts/rss/blog,Content / RSS Content / RSS Blog / RSS Software-Blog,Content: RSS,2022-06-04T17:31:43.957Z,<screenshot>,
Libreserver RSS,,https://blog.libreserver.org/rss.xml,Content / RSS Content / RSS Blog / RSS Software-Blog,Content: RSS,2022-11-16T02:36:00.528Z,,
Inoreader Feed,,https://www.inoreader.com/blog/feed,Content / RSS Content / RSS Blog / RSS Software-Blog,Content: RSS,2022-12-10T04:46:47.446Z,<screenshot>,
FFmpeg Feed,,https://ffmpeg.org/main.rss,Content / RSS Content / RSS Blog / RSS Software-Blog,Content: RSS,2022-12-07T02:32:14.021Z,<screenshot>,
Postmarket OS,,https://postmarketos.org/blog/feed.atom,Content / RSS Content / RSS Blog / RSS Software-Blog,Content: RSS,2022-06-07T17:21:46.476Z,<screenshot>,
Qownnotes Feed,,https://www.qownnotes.org/rss.xml,Content / RSS Content / RSS Blog / RSS Software-Blog,Content: RSS,2022-12-06T21:13:04.813Z,<screenshot>,
Void Linux (void packages) - Feed,null,https://github.com/void-linux/void-packages/commits/master.atom,Content / RSS Content / RSS Blog / RSS Software-Blog,Content: RSS,2023-01-16T03:38:45.145Z,<screenshot>,
Void Linux Feed,,https://voidlinux.org/atom.xml,Content / RSS Content / RSS Blog / RSS Software-Blog,Content: RSS,2022-08-04T02:21:45.508Z,,
Linux Mint RSS,,https://blog.linuxmint.com/?feed=rss2,Content / RSS Content / RSS Blog / RSS Software-Blog,Content: RSS,2023-01-09T00:10:09.663Z,<screenshot>,
OS.watch Feed,,https://os.watch/releases.rss,Content / RSS Content / RSS Blog / RSS Software-Blog,Content: RSS,2022-12-13T14:46:38.798Z,<screenshot>,
Free File Sync Feed,,https://freefilesync.org/news-feed.php,Content / RSS Content / RSS Blog / RSS Software-Blog,Content: RSS,2022-12-08T01:30:39.285Z,<screenshot>,
Docker Feed,,https://www.docker.com/feed/,Content / RSS Content / RSS Blog / RSS Software-Blog,Content: RSS,2022-11-30T02:30:29.452Z,<screenshot>,
Kali Linux Feed,,https://www.kali.org/rss.xml,Content / RSS Content / RSS Blog / RSS Software-Blog,Content: RSS,2022-11-26T15:01:59.850Z,,
I2P Net Feed,,https://geti2p.net/en/feed/blog/atom,Content / RSS Content / RSS Blog / RSS Software-Blog,Content: RSS,2022-11-25T19:07:21.357Z,<screenshot>,
GNOME Feed,,https://www.gnome.org/feed/,Content / RSS Content / RSS Blog / RSS Software-Blog,Content: RSS,2022-11-24T20:57:30.579Z,<screenshot>,
Black Arch RSS,,https://blackarch.org/rss.xml,Content / RSS Content / RSS Blog / RSS Software-Blog,Content: RSS,2022-06-18T20:32:48.112Z,,
GNOME this week RSS,,https://thisweek.gnome.org/index.xml,Content / RSS Content / RSS Blog / RSS Software-Blog,Content: RSS,2022-06-16T23:11:41.370Z,,
Arch Linux: Recent news updates,,https://www.archlinux.org/feeds/news/,Content / RSS Content / RSS Blog / RSS Software-Blog,Content: RSS,2022-06-12T23:52:05.932Z,<screenshot>,
Softpedia News Feed,,https://news.softpedia.com/newsRSS/Global-0.xml,Content / RSS Content / RSS Blog / RSS Software-Blog,Content: RSS,2023-01-17T09:53:35.380Z,,
Mozilla Thunderbird Blog Feed,null,https://blog.thunderbird.net/feed/,Content / RSS Content / RSS Blog / RSS Software-Blog,Content: RSS,2023-01-12T05:22:34.133Z,<screenshot>,
TagSpaces Feed,,https://www.tagspaces.org/blog/rss.xml,Content / RSS Content / RSS Blog / RSS Software-Blog,Content: RSS,2023-01-12T04:13:45.614Z,,
VS Code Feed,,https://code.visualstudio.com/feed.xml,Content / RSS Content / RSS Blog / RSS Software-Blog,Content: RSS,2022-12-02T20:30:14.144Z,<screenshot>,
Suckless RSS Feed,,https://suckless.org/atom.xml,Content / RSS Content / RSS Blog / RSS Software-Blog,Content: RSS,2022-07-02T20:39:05.437Z,,
Slashdot RSS,,http://rss.slashdot.org/Slashdot/slashdotMain,Content / RSS Content / RSS Blog / RSS Software-Blog,Content: RSS,2022-06-16T22:56:51.346Z,,
UseBottles Feed,,https://usebottles.com/feed.xml,Content / RSS Content / RSS Blog / RSS Software-Blog,Content: RSS,2022-06-13T23:23:13.746Z,,
101cookbooks Feed,,http://feeds.101cookbooks.com/101cookbooks,Content / RSS Content / RSS Feed,Content: RSS,2023-01-26T01:57:38.062Z,,
UPROXX,,https://uproxx.com/feed,Content / RSS Content / RSS Feed,Content: RSS,2023-01-26T00:29:19.268Z,<screenshot>,
AsiaGrace Feed,,http://feeds.feedburner.com/AsiaGrace,Content / RSS Content / RSS Feed,Content: RSS,2023-01-17T10:20:08.366Z,,
Defense.gov RSS Feeds,"Defense Department content feeds with headlines, summaries and links to the full page on Defense.gov.",https://www.defense.gov/News/RSS/,Content / RSS Content / RSS Feed,Content: RSS,2023-01-17T10:04:54.431Z,https://media.defense.gov/2021/Sep/17/2002856878/-1/-1/0/210916-D-EX074-055.JPG,
NASA APOD Feed,null,https://apod.nasa.gov/apod.rss,Content / RSS Content / RSS Feed,Content: RSS,2023-01-24T18:34:13.685Z,<screenshot>,
Something Positive,,https://somethingpositive.net/feed,Content / RSS Content / RSS Feed / RSS Comics,Content: RSS,2023-01-26T00:29:19.261Z,<screenshot>,
Emasamune TumblrFeed,,https://emasamune.tumblr.com/rss,Content / RSS Content / RSS Feed / RSS NSFW,Content: RSS,2023-01-19T17:35:05.938Z,,
The art of manliness,,http://feeds.feedburner.com/TheArtOfManliness,Content / RSS Content / RSS Magazine / RSS Arts,Content: RSS,2023-01-25T23:39:57.120Z,<screenshot>,
Apple Newtrailers Feed,,https://trailers.apple.com/trailers/home/rss/newtrailers.rss,Content / RSS Content / RSS Magazine / RSS Cinema,Content: RSS,2022-12-19T01:54:43.378Z,<screenshot>,
The Digital Reader,,https://natehoffelder.com/feed,Content / RSS Content / RSS Magazine / RSS Cinema,Content: RSS,2023-01-26T00:29:19.264Z,<screenshot>,
/Film,,http://feeds.feedburner.com/slashfilm,Content / RSS Content / RSS Magazine / RSS Cinema,Content: RSS,2023-01-26T00:29:19.264Z,,
Film School Rejects,,http://feeds.feedburner.com/FilmSchoolRejects,Content / RSS Content / RSS Magazine / RSS Cinema,Content: RSS,2023-01-26T00:29:19.264Z,,
BuzzFeed Feed,,https://www.buzzfeed.com/index.xml,Content / RSS Content / RSS Magazine / RSS Culture,Content: RSS,2022-06-04T17:37:44.179Z,"https://img.buzzfeed.com/buzzfeed-static/static/2022-06/4/0/campaign_images/2f17737e9868/22-utterly-unforgettable-facts-that-sent-me-down--2-2958-1654301331-53_dblwide.jpg?fill=700:250;center,top",
Vox Culture - Feed,,https://www.vox.com/rss/culture/index.xml,Content / RSS Content / RSS Magazine / RSS Culture,Content: RSS,2023-01-17T11:13:14.970Z,<screenshot>,
CultureBot Feed,null,http://www.culturebot.org/feed/,Content / RSS Content / RSS Magazine / RSS Culture,Content: RSS,2023-01-17T11:14:58.583Z,<screenshot>,
Tympanus CodCrops Feed,,https://tympanus.net/codrops/feed/,Content / RSS Content / RSS Magazine / RSS Culture,Content: RSS,2022-06-04T18:32:28.164Z,<screenshot>,
Car Body Design Feed,,http://feeds.feedburner.com/carbodydesign-news,Content / RSS Content / RSS Magazine / RSS Design,Content: RSS,2023-01-17T10:08:01.303Z,,
Apple - Top Songs (Spain),,https://rss.applemarketingtools.com/api/v2/es/music/most-played/50/songs.rss,Content / RSS Content / RSS Magazine / RSS Music,Content: RSS,2022-12-19T01:58:53.046Z,<screenshot>,
Fortune Feed,,https://fortune.com/feed/fortune-feeds?id=3230629,Content / RSS Content / RSS News / RSS Business,Content: RSS,2023-01-26T00:29:19.266Z,<screenshot>,
News BTC Feed,,https://newsbtc.com/feed/,Content / RSS Content / RSS News / RSS Business,Content: RSS,2023-01-17T09:53:22.756Z,<screenshot>,
The Economist - Letters (RSS),,https://www.economist.com/letters/rss.xml,Content / RSS Content / RSS News / RSS Business,Content: RSS,2022-06-04T17:41:18.666Z,,
Business Insider,,http://feeds2.feedburner.com/businessinsider,Content / RSS Content / RSS News / RSS Business,Content: RSS,2023-01-26T00:29:19.265Z,,
Forbes - Sportsmoney,,https://www.forbes.com/sportsmoney/feed/,Content / RSS Content / RSS News / RSS Business,Content: RSS,2023-01-17T10:53:01.964Z,<screenshot>,
CSS Tricks Feed,,https://css-tricks.com/feed/,Content / RSS Content / RSS News / RSS Coding,Content: RSS,2022-06-04T18:32:48.148Z,<screenshot>,
CSS-Tricks rss,,https://css-tricks.com/tag/rss/,Content / RSS Content / RSS News / RSS Coding,Content: RSS,2022-06-04T17:04:13.455Z,https://i0.wp.com/css-tricks.com/wp-content/uploads/2021/12/default-social-css-tricks.png,
Computer Hope Latest,,https://feeds.feedburner.com/LatestNewPagesOnComputerHope,Content / RSS Content / RSS News / RSS Computing,Content: RSS,2023-01-17T20:05:44.812Z,,
HackerNews: Best comments,,https://hnrss.org/bestcomments,Content / RSS Content / RSS News / RSS Computing,Content: RSS,2023-01-24T18:27:53.382Z,<screenshot>,
HackerNews: Front Page,,https://hnrss.org/frontpage,Content / RSS Content / RSS News / RSS Computing,Content: RSS,2023-01-24T18:26:56.189Z,<screenshot>,
NakedSecurity Feed,,https://nakedsecurity.sophos.com/feed/,Content / RSS Content / RSS News / RSS Computing,Content: RSS,2022-06-04T17:31:07.869Z,<screenshot>,
It's FOSS Feed,,https://itsfoss.com/feed/,Content / RSS Content / RSS News / RSS Computing,Content: RSS,2022-11-26T19:29:11.342Z,<screenshot>,
AlternativeTo Feed,,https://alternativeto.net/news/feed/,Content / RSS Content / RSS News / RSS Computing,Content: RSS,2022-12-06T20:20:45.668Z,<screenshot>,
It's FOSS Feed,,https://itsfoss.com/rss/,Content / RSS Content / RSS News / RSS Computing / RSS Linux,Content: RSS,2023-01-18T13:08:00.165Z,<screenshot>,
Linux Shell Tips Feed,,https://www.linuxshelltips.com/feed/,Content / RSS Content / RSS News / RSS Computing / RSS Linux,Content: RSS,2023-01-18T12:57:15.912Z,<screenshot>,
Gaming On Linux RSS,,https://www.gamingonlinux.com/article_rss.php,Content / RSS Content / RSS News / RSS Computing / RSS Linux,Content: RSS,2022-06-27T19:14:00.436Z,<screenshot>,
The Linux Exp Feed,,https://thelinuxexp.com/feed.xml,Content / RSS Content / RSS News / RSS Computing / RSS Linux,Content: RSS,2022-06-30T17:55:40.107Z,,
Linux Feed,,https://www.linux.org/articles/index.rss,Content / RSS Content / RSS News / RSS Computing / RSS Linux,Content: RSS,2022-11-26T18:24:58.413Z,<screenshot>,
9To5Linux Feed,,https://9to5linux.com/feed/atom,Content / RSS Content / RSS News / RSS Computing / RSS Linux,Content: RSS,2022-10-29T20:42:35.719Z,<screenshot>,
Linux HandBook RSS,,https://linuxhandbook.com/rss/,Content / RSS Content / RSS News / RSS Computing / RSS Linux,Content: RSS,2022-08-02T23:48:14.459Z,,
DistroWatch - Packages Feed,,https://distrowatch.com/news/dwp.xml,Content / RSS Content / RSS News / RSS Computing / RSS Linux,Content: RSS,2022-12-12T20:30:18.202Z,<screenshot>,
DistroWatch: Distributions Feed,,https://distrowatch.com/news/dwd.xml,Content / RSS Content / RSS News / RSS Computing / RSS Linux,Content: RSS,2022-12-12T20:28:50.107Z,<screenshot>,
DistroWatch: News Feed,,https://distrowatch.com/news/dw.xml,Content / RSS Content / RSS News / RSS Computing / RSS Linux,Content: RSS,2022-07-14T18:55:51.523Z,,
Videogamer Feed,,https://www.videogamer.com/feed/,Content / RSS Content / RSS News / RSS Gaming,Content: RSS,2022-06-04T17:45:26.785Z,<screenshot>,
Polics News Feed,,https://rss.politico.com/politics-news.xml,Content / RSS Content / RSS News / RSS Politics,Content: RSS,2022-06-04T17:42:02.517Z,,
Wired Science Feed,,https://www.wired.com/feed/category/science/latest/rss,Content / RSS Content / RSS News / RSS Science,Content: RSS,2022-06-04T17:29:59.876Z,,
The Economist - Science and Technology,,https://www.economist.com/science-and-technology/rss.xml,Content / RSS Content / RSS News / RSS Science,Content: RSS,2022-06-04T17:41:02.861Z,,
Popular Science,,https://www.popsci.com/feed,Content / RSS Content / RSS News / RSS Science,Content: RSS,2023-01-26T00:29:19.267Z,<screenshot>,
New Scientist - Online news,,http://feeds.newscientist.com/science-news,Content / RSS Content / RSS News / RSS Science,Content: RSS,2023-01-26T00:29:19.267Z,<screenshot>,
The Verge - Science Posts,,https://www.theverge.com/science/rss/index.xml,Content / RSS Content / RSS News / RSS Science,Content: RSS,2023-01-26T00:29:19.266Z,,
ScienceDaily - top,,https://www.sciencedaily.com/rss/top.xml,Content / RSS Content / RSS News / RSS Science,Content: RSS,2023-01-26T00:29:19.266Z,<screenshot>,
Quanta Magazine,,https://api.quantamagazine.org/feed,Content / RSS Content / RSS News / RSS Science,Content: RSS,2023-01-26T00:29:19.266Z,<screenshot>,
TEDTalks (video),,https://pa.tedcdn.com/feeds/talks.rss,Content / RSS Content / RSS News / RSS Science,Content: RSS,2023-01-26T00:29:19.266Z,<screenshot>,
Phys.org - latest science and technology news stories,,https://phys.org/rss-feed,Content / RSS Content / RSS News / RSS Science,Content: RSS,2023-01-26T00:29:19.266Z,,
BBC News - Science & Environment,,http://feeds.bbci.co.uk/news/science_and_environment/rss.xml?edition=int,Content / RSS Content / RSS News / RSS Science,Content: RSS,2023-01-26T00:29:19.266Z,,
Scientific American Content: Global,,http://rss.sciam.com/ScientificAmerican-Global,Content / RSS Content / RSS News / RSS Science,Content: RSS,2023-01-26T00:29:19.266Z,,
Science Prog Feed,null,https://scienceprog.com/feed/,Content / RSS Content / RSS News / RSS Science,Content: RSS,2023-01-17T10:47:09.540Z,<screenshot>,
FiveThirtyEight - Science & Health,null,https://fivethirtyeight.com/features/feed/,Content / RSS Content / RSS News / RSS Science,Content: RSS,2023-01-17T10:46:12.329Z,<screenshot>,
Science | The Guardian Feed,,https://www.theguardian.com/science/series/science/rss,Content / RSS Content / RSS News / RSS Science,Content: RSS,2023-01-17T10:44:44.778Z,<screenshot>,
Science Daily Feed,,https://www.sciencedaily.com/rss/all.xml,Content / RSS Content / RSS News / RSS Science,Content: RSS,2023-01-17T10:43:57.551Z,<screenshot>,
Science Mission Directorate Feed,,https://science.nasa.gov/rss.xml,Content / RSS Content / RSS News / RSS Science,Content: RSS,2023-01-17T10:42:49.050Z,<screenshot>,
MIT Review - Top News,,https://www.technologyreview.com/feed,Content / RSS Content / RSS News / RSS Tech,Content: RSS,2023-01-26T00:29:19.268Z,<screenshot>,
A List Apart: The Full Feed,,https://alistapart.com/main/feed,Content / RSS Content / RSS News / RSS Tech,Content: RSS,2023-01-26T00:29:19.268Z,,
MakeUseOf,,https://www.makeuseof.com/feed,Content / RSS Content / RSS News / RSS Tech,Content: RSS,2023-01-26T00:29:19.268Z,,
9to5Mac,,https://9to5mac.com/feed,Content / RSS Content / RSS News / RSS Tech,Content: RSS,2023-01-26T00:29:19.268Z,<screenshot>,
Engadget,,https://www.engadget.com/rss.xml,Content / RSS Content / RSS News / RSS Tech,Content: RSS,2023-01-26T00:29:19.267Z,,
Ars Technica,,http://feeds.arstechnica.com/arstechnica/index,Content / RSS Content / RSS News / RSS Tech,Content: RSS,2023-01-26T00:29:19.267Z,,
How-To Geek RSS Feed,,https://feeds.howtogeek.com/HowToGeek,Content / RSS Content / RSS News / RSS Tech,Content: RSS,2022-06-04T18:06:06.921Z,<screenshot>,
Make Tech Easier Feed,,https://www.maketecheasier.com/feed/,Content / RSS Content / RSS News / RSS Tech,Content: RSS,2023-01-18T12:58:13.284Z,<screenshot>,
The Verge Feed,,https://www.theverge.com/rss/index.xml,Content / RSS Content / RSS News / RSS Tech,Content: RSS,2022-06-04T17:06:20.507Z,,
HowTOGeek Feed,,https://www.howtogeek.com/feed/,Content / RSS Content / RSS News / RSS Tech,Content: RSS,2023-01-24T18:38:38.648Z,<screenshot>,
Wired AI Feeds,,https://www.wired.com/feed/tag/ai/latest/rss,Content / RSS Content / RSS News / RSS Tech,Content: RSS,2022-06-04T17:29:21.401Z,,
Tech Republic Feeds,Stay up-to-date with the latest tech news and analysis. You can subscribe to feeds that will deliver updates whenever we publish something new.,https://www.techrepublic.com/rssfeeds/,Content / RSS Content / RSS News / RSS Tech,Content: RSS,2022-12-27T18:39:13.057Z,<screenshot>,
Hacker News RSS,,https://hnrss.github.io/,Content / RSS Content / RSS News / RSS Tech,Content: RSS,2022-11-17T02:33:40.520Z,<screenshot>,
HackerNoon Feed,,https://hackernoon.com/feed,Content / RSS Content / RSS News / RSS Tech,Content: RSS,2022-06-04T18:31:02.577Z,<screenshot>,
Hacker News RSS,,https://hnrss.org/newest,Content / RSS Content / RSS News / RSS Tech,Content: RSS,2022-06-04T17:15:30.837Z,,
TechSpot Feed,,https://www.techspot.com/backend.xml,Content / RSS Content / RSS News / RSS Tech,Content: RSS,2023-01-17T10:34:36.002Z,,
TechDirt Feed,,https://www.techdirt.com/feed/,Content / RSS Content / RSS News / RSS Tech,Content: RSS,2023-01-17T10:34:07.657Z,<screenshot>,
TechCrunch - YouTube Feed,,https://www.youtube.com/feeds/videos.xml?channel_id=UCCjyq_K1Xwfg8Lndy7lKMpA,Content / RSS Content / RSS News / RSS Tech,Content: RSS,2023-01-17T10:21:54.667Z,,
TechPowerUp Feed,,https://www.techpowerup.com/rss/news,Content / RSS Content / RSS News / RSS Tech,Content: RSS,2023-01-17T10:18:15.302Z,,
Low Tech Magazine,,https://solar.lowtechmagazine.com/feeds/all-en.atom.xml,Content / RSS Content / RSS News / RSS Tech,Content: RSS,2023-01-15T02:53:33.762Z,,
TechLinked - Invideos Feed,,https://invidious.esmailelbob.xyz/feed/channel/UCeeFfhMcJa1kjtfZAGskOCA,Content / RSS Content / RSS News / RSS Tech,Content: RSS,2022-11-25T18:56:14.515Z,<screenshot>,
LifeHacker RSS,,https://lifehacker.com/rss,Content / RSS Content / RSS News / RSS Tech,Content: RSS,2022-06-04T16:41:16.485Z,,
Xbox Feed,,https://news.xbox.com/en-us/feed/,Content / RSS Content / RSS News / RSS Tech,Content: RSS,2023-01-17T10:10:42.436Z,,
Wired Ideas Feed,,https://www.wired.com/feed/category/ideas/latest/rss,Content / RSS Content / RSS News / RSS Tech,Content: RSS,2022-06-04T17:29:50.746Z,,
Wired Culture Feed,,https://www.wired.com/feed/category/culture/latest/rss,Content / RSS Content / RSS News / RSS Tech,Content: RSS,2022-06-04T17:29:36.245Z,,
Wired Business Feed,,https://www.wired.com/feed/category/business/latest/rss,Content / RSS Content / RSS News / RSS Tech,Content: RSS,2022-06-04T17:29:04.900Z,,
Haibane Sports,,https://www.haibane.info/topic/sports/feed,Content / RSS Content / RSS News / RSS Sports,Content: RSS,2023-01-26T00:29:19.267Z,<screenshot>,
The Sports Physio,,https://www.thesports.physio/feed,Content / RSS Content / RSS News / RSS Sports,Content: RSS,2023-01-26T00:29:19.267Z,<screenshot>,
Sportsnet.ca,,https://www.sportsnet.ca/feed,Content / RSS Content / RSS News / RSS Sports,Content: RSS,2023-01-26T00:29:19.267Z,,
Sports Marketing & PR Roundup Feed,null,https://joefavorito.com/feed/,Content / RSS Content / RSS News / RSS Sports,Content: RSS,2023-01-17T11:07:21.025Z,<screenshot>,
Sportslens Feed,,https://sportslens.com/feed/,Content / RSS Content / RSS News / RSS Sports,Content: RSS,2023-01-17T10:55:38.727Z,<screenshot>,
Sportsnet.ca Feed,null,https://www.sportsnet.ca/listen/feed/,Content / RSS Content / RSS News / RSS Sports,Content: RSS,2023-01-17T10:50:06.339Z,<screenshot>,
Sports Agent Blog Feed,null,http://sportsagentblog.com/feed/,Content / RSS Content / RSS News / RSS Sports,Content: RSS,2023-01-17T10:48:05.380Z,<screenshot>,
NewYorker Feed,,https://www.newyorker.com/feed/everything,Content / RSS Content / RSS News / RSS local-news,,2023-01-24T18:41:53.344Z,<screenshot>,
Defense.gov Explore Feed,,https://www.defense.gov/DesktopModules/ArticleCS/RSS.ashx?max=10&amp;ContentType=1&amp;Site=945,Content / RSS Content / RSS News / RSS local-news,Content: RSS,2023-01-24T18:41:10.734Z,<screenshot>,
Gobiernodecanarias.org Noticias RSS,,http://www3.gobiernodecanarias.org/empleo/portal/web/sce/RSS/noticias,Content / RSS Content / RSS News / RSS local-news,Content: RSS,2023-01-18T10:21:55.278Z,<screenshot>,
Podcast.ai Feed,,https://feeds.transistor.fm/podcast-ai,Content / RSS Content / RSS News / RSS local-news,Content: RSS,2022-12-07T18:21:52.369Z,<screenshot>,
LA Times RSS,,https://www.latimes.com/local/rss2.0.xml,Content / RSS Content / RSS News / RSS local-news,Content: RSS,2022-06-04T16:41:16.439Z,,
Google News Feed,,https://news.google.com/rss/topics/CAAqIQgKIhtDQkFTRGdvSUwyMHZNRFUyWDNrU0FtVnVLQUFQAQ?hl=en-US&gl=US&ceid=US%3Aen&oc=11,Content / RSS Content / RSS News / RSS local-news,Content: RSS,2023-01-17T10:01:40.388Z,,
Mesaonline Feed,,https://www.mesaonline.org/feed/,Content / RSS Content / RSS News / RSS local-news,Content: RSS,2023-01-17T11:43:31.211Z,<screenshot>,
BuzzFeed RSS Feeds,"BuzzFeed has breaking news, vital journalism, quizzes, videos, celeb news, Tasty food videos, recipes, DIY hacks, and all the trending buzz youâ€™ll want to share with your friends. Copyright BuzzFeed, Inc. All rights reserved.",https://www.buzzfeed.com/rss,Content / RSS Content / RSS News / RSS local-news,Content: RSS,2022-06-04T17:37:57.149Z,<screenshot>,
MediaNama Feed,,https://www.medianama.com/feed/,Content / RSS Content / RSS News / RSS local-news,Content: RSS,2023-01-17T11:18:41.917Z,,
Mediagazer,,http://mediagazer.com/feed.xml,Content / RSS Content / RSS News / RSS local-news,Content: RSS,2023-01-17T11:17:33.216Z,,
Mediaare Feed,,https://mediaarea.net/blog/feed,Content / RSS Content / RSS News / RSS local-news,Content: RSS,2022-12-07T02:16:14.287Z,<screenshot>,
Martin Fowler Feed,,https://martinfowler.com/feed.atom,Content / RSS Content / RSS News / RSS local-news,Content: RSS,2022-06-04T17:33:01.264Z,<screenshot>,
MediaPost Publications - RSS Feeds,"MediaPost Publications is an on-line publishing resource for all advertising media professionals - TV, cable, radio, print, interactive, agencies, buyers, and reps - providing news, articles and commentary.",https://www.mediapost.com/publications/feeds/,Content / RSS Content / RSS News / RSS local-news,Content: RSS,2022-06-04T16:48:14.120Z,<screenshot>,
MegaPhone Feed,,https://feeds.megaphone.fm/WWO3519750118,Content / RSS Content / RSS News / RSS local-news,Content: RSS,2022-06-04T16:39:10.052Z,<screenshot>,
Digiday - Media Archives Feed,null,https://www.digidaymedia.com/news/feed/,Content / RSS Content / RSS News / RSS local-news,Content: RSS,2023-01-17T11:16:45.524Z,<screenshot>,
NPR News Feed,,https://feeds.npr.org/1001/rss.xml,Content / RSS Content / RSS News / RSS local-news,Content: RSS,2023-01-17T10:14:52.471Z,,
NPR News Feed,,https://feeds.npr.org/1002/rss.xml,Content / RSS Content / RSS News / RSS local-news,Content: RSS,2023-01-17T10:14:25.612Z,,
EuroNews RSS,,https://www.euronews.com/rss?level=theme&name=news,Content / RSS Content / RSS News / RSS local-news,Content: RSS,2023-01-17T09:56:29.166Z,,
Ahkspr Feed,,https://shkspr.mobi/blog/feed/atom/,Content / RSS Content / RSS News / RSS local-news,Content: RSS,2022-12-24T01:10:09.946Z,<screenshot>,
Nyaa RSS,,https://nyaa.si/?page=rss,Content / RSS Content / RSS News / RSS local-news,Content: RSS,2022-12-08T01:02:17.276Z,<screenshot>,
Dlla RSS,,https://dlaa.me/blog/rss,Content / RSS Content / RSS News / RSS local-news,Content: RSS,2022-11-14T01:08:49.106Z,<screenshot>,
Feed Otter,,https://www.feedotter.com/feed/,Content / RSS Content / RSS News / RSS local-news,Content: RSS,2022-06-04T17:00:53.635Z,<screenshot>,
NBC News Feeds,,https://podcastfeeds.nbcnews.com/HL4TzgYC,Content / RSS Content / RSS News / RSS local-news,Content: RSS,2022-06-04T16:41:16.499Z,,
Huffpost Feed,,https://www.huffpost.com/section/front-page/feed?x=1,Content / RSS Content / RSS News / RSS local-news,Content: RSS,2022-06-04T16:41:16.464Z,,
CNN - Top Stories,,http://rss.cnn.com/rss/cnn_topstories.rss,Content / RSS Content / RSS News / RSS local-news,Content: RSS,2022-06-04T16:41:16.446Z,,
Acast Feed,,https://feeds.acast.com/public/shows/5ea17537-f11f-4532-8202-294d976b9d5c,Content / RSS Content / RSS News / RSS local-news,Content: RSS,2022-06-04T16:39:14.675Z,<screenshot>,
The New Yorker - RSS Feeds,Stay up to date on everything happening on newyorker.com.,https://www.newyorker.com/about/feeds?verso=true,Content / RSS Content / RSS News / RSS local-news,Content: RSS,2023-01-17T10:07:18.927Z,"https://media.newyorker.com/photos/59096d7d6552fa0be682ff8f/16:9/w_1280,c_limit/eustace-400.png",
FoxNews - National (RSS),,https://moxie.foxnews.com/feedburner/national.xml,Content / RSS Content / RSS News / RSS local-news,Content: RSS,2022-06-10T19:07:29.621Z,,
FoxNews - Tech (RSS),,https://moxie.foxnews.com/feedburner/tech.xml,Content / RSS Content / RSS News / RSS local-news,Content: RSS,2022-06-10T19:06:45.763Z,,
FoxNews - SciTech (RSS),,https://moxie.foxnews.com/feedburner/scitech.xml,Content / RSS Content / RSS News / RSS local-news,Content: RSS,2022-06-10T19:06:37.726Z,,
FoxNews - World (RSS),,https://moxie.foxnews.com/feedburner/world.xml,Content / RSS Content / RSS News / RSS local-news,Content: RSS,2022-06-10T19:06:29.885Z,,
BBC News (rss),,https://www.bbc.co.uk/blogs/theeditors/rss.xml,Content / RSS Content / RSS News / RSS local-news,Content: RSS,2022-06-04T18:15:14.551Z,<screenshot>,
The Economist - International (RSS),,https://www.economist.com/international/rss.xml,Content / RSS Content / RSS News / RSS local-news,Content: RSS,2022-06-04T17:40:49.870Z,,
The Economist - The World this week (RSS),,https://www.economist.com/the-world-this-week/rss.xml,Content / RSS Content / RSS News / RSS local-news,Content: RSS,2022-06-04T17:40:38.032Z,,
The Economist - RSS Feeds,Authoritative weekly newspaper focusing on international politics and business news and opinion.,https://www.economist.com/rss,Content / RSS Content / RSS News / RSS local-news,Content: RSS,2022-06-04T17:40:09.610Z,https://www.economist.com/sites/default/files/the-economist-logo.gif,
Fortune Feed,,https://fortune.com/feed/,Content / RSS Content / RSS News / RSS local-news,Content: RSS,2022-06-04T17:39:09.999Z,<screenshot>,
XKCD Feed,,https://xkcd.com/rss.xml,Content / RSS Content / RSS News / RSS local-news,Content: RSS,2022-06-04T17:03:42.354Z,,
The New York Times (RSS),Subscribe to RSS feeds from The New York Times.,https://archive.nytimes.com/www.nytimes.com/services/xml/rss/index.html?mcubz=0,Content / RSS Content / RSS News / RSS local-news,Content: RSS,2022-06-04T16:41:16.453Z,<screenshot>,
Yahoo News RSS,,https://www.yahoo.com/news/rss,Content / RSS Content / RSS News / RSS local-news,Content: RSS,2022-06-04T16:41:16.430Z,,
The Daily RSS,,http://rss.art19.com/the-daily,Content / RSS Content / RSS News / RSS local-news,Content: RSS,2022-06-04T16:37:26.532Z,<screenshot>,
Vox Feed RSS,,https://www.vox.com/rss/index.xml,Content / RSS Content / RSS News / RSS local-news,Content: RSS,2022-06-04T17:14:13.556Z,,
Yahoo News - Top Stories,,https://news.yahoo.com/rss/topstories,Content / RSS Content / RSS News / RSS World-News,Content: RSS,2023-01-26T00:29:19.264Z,,
WSJ.com: World News,,https://feeds.a.dj.com/rss/RSSWorldNews.xml,Content / RSS Content / RSS News / RSS World-News,Content: RSS,2023-01-26T00:29:19.264Z,<screenshot>,
WIRED,,https://www.wired.com/feed,Content / RSS Content / RSS News / RSS World-News,Content: RSS,2023-01-26T00:29:19.264Z,,
Washington Post,,https://feeds.washingtonpost.com/rss/world,Content / RSS Content / RSS News / RSS World-News,Content: RSS,2023-01-26T00:29:19.264Z,,
TIME,,https://time.com/feed,Content / RSS Content / RSS News / RSS World-News,Content: RSS,2023-01-26T00:29:19.264Z,<screenshot>,
The Telegraph,,https://www.telegraph.co.uk/rss.xml,Content / RSS Content / RSS News / RSS World-News,Content: RSS,2023-01-26T00:29:19.263Z,,
The Guardian - World news,,https://feeds.theguardian.com/theguardian/world/rss,Content / RSS Content / RSS News / RSS World-News,Content: RSS,2023-01-26T00:29:19.263Z,,
The Daily,,https://feeds.simplecast.com/54nAGcIl,Content / RSS Content / RSS News / RSS World-News,Content: RSS,2023-01-26T00:29:19.263Z,,
TechCrunch,,https://techcrunch.com/feed,Content / RSS Content / RSS News / RSS World-News,Content: RSS,2023-01-26T00:29:19.263Z,<screenshot>,
NYT,,https://rss.nytimes.com/services/xml/rss/nyt/HomePage.xml,Content / RSS Content / RSS News / RSS World-News,Content: RSS,2023-01-26T00:29:19.263Z,,
NPR News,,https://feeds.npr.org/1032/rss.xml,Content / RSS Content / RSS News / RSS World-News,Content: RSS,2023-01-26T00:29:19.263Z,,
NBC News Top Stories,,https://feeds.nbcnews.com/nbcnews/public/news,Content / RSS Content / RSS News / RSS World-News,Content: RSS,2023-01-26T00:29:19.263Z,,
MediaPost,,http://feeds.mediapost.com/online-media-daily,Content / RSS Content / RSS News / RSS World-News,Content: RSS,2023-01-26T00:29:19.263Z,,
Independent,,http://www.independent.co.uk/rss,Content / RSS Content / RSS News / RSS World-News,Content: RSS,2023-01-26T00:29:19.263Z,,
Huffington Post,,https://www.huffpost.com/section/front-page/feed,Content / RSS Content / RSS News / RSS World-News,Content: RSS,2023-01-26T00:29:19.263Z,,
Hacker News,,https://news.ycombinator.com/rss,Content / RSS Content / RSS News / RSS World-News,Content: RSS,2023-01-26T00:29:19.263Z,<screenshot>,
Google News - Top Stories,,https://news.google.com/rss?ceid=US%3Aen&gl=US&hl=en-US,Content / RSS Content / RSS News / RSS World-News,Content: RSS,2023-01-26T00:29:19.263Z,,
BBC News,,http://feeds.bbci.co.uk/news/rss.xml,Content / RSS Content / RSS News / RSS World-News,Content: RSS,2023-01-26T00:29:19.262Z,,
ABC News: Top Stories,,https://abcnews.go.com/abcnews/topstories,Content / RSS Content / RSS News / RSS World-News,Content: RSS,2023-01-26T00:29:19.262Z,,
GitHub Feed - David7ce,,https://github.com/David7ce.private.atom?token=AS7L6MP55AO5U3K6CMEOLZWBQNX44,Content / RSS Content / RSS Social,Content: RSS,2023-01-26T00:29:19.269Z,<screenshot>,
Odysee - Blender Dumbass,,https://odysee.com/$/rss/@blenderdumbass:f,Content / RSS Content / RSS Social,Content: RSS,2023-01-26T00:29:19.269Z,,
raindrop.io - Documentation app,,https://bg.raindrop.io/rss/public/28730066,Content / RSS Content / RSS Social,Content: RSS,2023-01-26T00:29:19.268Z,,
Codeberg Feed - Robbie Antenesse,,https://codeberg.org/Alamantus.rss,Content / RSS Content / RSS Social,Content: RSS,2023-01-26T00:29:19.268Z,<screenshot>,
SourceForge - Kepass,,https://sourceforge.net/p/keepass/news/feed,Content / RSS Content / RSS Social,Content: RSS,2023-01-26T00:29:19.268Z,,
Stack Overflow - Recent Questions,,https://stackoverflow.com/feeds,Content / RSS Content / RSS Social,Content: RSS,2023-01-26T00:29:19.269Z,<screenshot>,
LinkAce demo Feed,null,https://demo.linkace.org/guest/links/feed,Content / RSS Content / RSS Social,Content: RSS,2023-01-24T18:33:04.885Z,<screenshot>,
GitLab Feed Curiosity432,,https://gitlab.com/dashboard/issues.atom?assignee_username=Curiosity432&feed_token=caiqYsyTNU1_YPEe9exa&state=opened,Content / RSS Content / RSS Social,Content: RSS,2022-09-20T23:03:30.396Z,<screenshot>,
TikTok - Will Smith Feed,,https://proxitok.pabloferreiro.es/@willsmith/rss,Content / RSS Content / RSS Social,Content: RSS,2022-11-25T19:22:50.218Z,<screenshot>,
r/realasians,,https://www.reddit.com/r/realasians/.rss,Content / RSS Content / RSS Social / RSS reddit,Content: RSS,2023-01-26T00:29:19.270Z,<screenshot>,
r/BeautifulFemales.rss,null,https://www.reddit.com/r/BeautifulFemales/.rss,Content / RSS Content / RSS Social / RSS reddit,Content: RSS,2023-01-17T12:47:18.630Z,<screenshot>,
r/CityPorn.rss,null,https://www.reddit.com/r/CityPorn/.rss,Content / RSS Content / RSS Social / RSS reddit,Content: RSS,2023-01-17T12:47:09.964Z,<screenshot>,
r/wallpapers.rss,null,https://www.reddit.com/r/wallpapers/.rss,Content / RSS Content / RSS Social / RSS reddit,Content: RSS,2023-01-17T12:47:05.483Z,<screenshot>,
r/astrophotography.rss,null,https://www.reddit.com/r/astrophotography/.rss,Content / RSS Content / RSS Social / RSS reddit,Content: RSS,2023-01-17T12:47:00.685Z,<screenshot>,
r/weather.rss,null,https://www.reddit.com/r/weather/.rss,Content / RSS Content / RSS Social / RSS reddit,Content: RSS,2023-01-17T12:46:55.616Z,<screenshot>,
r/UsefulCharts.rss,null,https://www.reddit.com/r/UsefulCharts/.rss,Content / RSS Content / RSS Social / RSS reddit,Content: RSS,2023-01-17T12:46:50.770Z,<screenshot>,
r/interestingasfuck.rss,null,https://www.reddit.com/r/interestingasfuck/.rss,Content / RSS Content / RSS Social / RSS reddit,Content: RSS,2023-01-17T12:46:45.836Z,<screenshot>,
r/MovieDetails.rss,null,https://www.reddit.com/r/MovieDetails/.rss,Content / RSS Content / RSS Social / RSS reddit,Content: RSS,2023-01-17T12:46:40.956Z,<screenshot>,
r/NatureIsFuckingLit/.rss,null,https://www.reddit.com/r/NatureIsFuckingLit/.rss,Content / RSS Content / RSS Social / RSS reddit,Content: RSS,2023-01-17T12:46:35.821Z,<screenshot>,
r/unixporn.rss,null,https://www.reddit.com/r/unixporn/.rss,Content / RSS Content / RSS Social / RSS reddit,Content: RSS,2023-01-17T12:46:26.378Z,<screenshot>,
r/dataisbeautiful.rss,null,https://www.reddit.com/r/dataisbeautiful/.rss,Content / RSS Content / RSS Social / RSS reddit,Content: RSS,2023-01-17T12:46:21.490Z,<screenshot>,
r/pics.rss,null,https://www.reddit.com/r/pics/.rss,Content / RSS Content / RSS Social / RSS reddit,Content: RSS,2023-01-17T12:46:15.594Z,<screenshot>,
r/starterpacks.rss,null,https://www.reddit.com/r/starterpacks/.rss,Content / RSS Content / RSS Social / RSS reddit,Content: RSS,2023-01-17T12:46:10.108Z,<screenshot>,
r/EarthPorn.rss,null,https://www.reddit.com/r/EarthPorn/.rss,Content / RSS Content / RSS Social / RSS reddit,Content: RSS,2023-01-17T12:46:05.558Z,<screenshot>,
r/headphones.rss,null,https://www.reddit.com/r/headphones/.rss,Content / RSS Content / RSS Social / RSS reddit,Content: RSS,2023-01-17T12:45:59.737Z,<screenshot>,
r/spain.rss,null,https://www.reddit.com/r/spain/.rss,Content / RSS Content / RSS Social / RSS reddit,Content: RSS,2023-01-17T12:45:52.220Z,<screenshot>,
r/Simulated.rss,null,https://www.reddit.com/r/Simulated/.rss,Content / RSS Content / RSS Social / RSS reddit,Content: RSS,2023-01-17T12:45:46.507Z,<screenshot>,
r/Tenerife.rss,null,https://www.reddit.com/r/Tenerife/.rss,Content / RSS Content / RSS Social / RSS reddit,Content: RSS,2023-01-17T12:45:40.837Z,<screenshot>,
r/ImaginaryLandscapes.rss,null,https://www.reddit.com/r/ImaginaryLandscapes/.rss,Content / RSS Content / RSS Social / RSS reddit,Content: RSS,2023-01-17T12:45:23.957Z,<screenshot>,
r/programming.rss,null,https://www.reddit.com/r/programming/.rss,Content / RSS Content / RSS Social / RSS reddit,Content: RSS,2023-01-17T12:44:11.580Z,<screenshot>,
r/netsec.rss,,https://www.reddit.com/r/netsec.rss,Content / RSS Content / RSS Social / RSS reddit,Content: RSS,2023-01-17T10:15:42.002Z,<screenshot>,
r/JusticeForJohnnyDepp.rss,,https://www.reddit.com/r/JusticeForJohnnyDepp/.rss,Content / RSS Content / RSS Social / RSS reddit,Content: RSS,2022-06-04T18:11:26.624Z,<screenshot>,
r/Unixporn.rss,,https://www.reddit.com/r/unixporn.rss,Content / RSS Content / RSS Social / RSS reddit,Content: RSS,2022-06-04T18:10:10.287Z,<screenshot>,
reddit.com.rss,,https://www.reddit.com/.rss,Content / RSS Content / RSS Social / RSS reddit,Content: RSS,2022-06-04T18:06:31.311Z,<screenshot>,
Wikipedia - User contributions [en],,https://en.wikipedia.org/w/api.php?action=feedcontributions&user=GreenC,Content / RSS Content / RSS Social / RSS Wikipedia,Content: RSS,2023-01-26T00:29:19.272Z,,
Wikipedia - New pages [en],null,https://en.wikipedia.org/w/index.php?title=Special:NewPages&amp;feed=rss,Content / RSS Content / RSS Social / RSS Wikipedia,,2023-01-24T18:45:17.048Z,<screenshot>,
Wikipedia - Recent Changes [en],null,https://en.wikipedia.org/w/api.php?hidebots=1&amp;hidecategorization=1&amp;hideWikibase=1&amp;urlversion=1&amp;days=7&amp;limit=50&amp;action=feedrecentchanges&amp;feedformat=rss,Content / RSS Content / RSS Social / RSS Wikipedia,Content: RSS,2023-01-24T18:44:30.769Z,<screenshot>,
Wikipedia Special News Pages Feed,,https://en.wikipedia.org/w/index.php?title=Special:NewPages&feed=rss,Content / RSS Content / RSS Social / RSS Wikipedia,Content: RSS,2023-01-17T11:04:48.247Z,,
Wikipedia Recent Changes Feed,,https://en.wikipedia.org/w/api.php?hidebots=1&hidecategorization=1&hideWikibase=1&urlversion=1&days=7&limit=50&action=feedrecentchanges&feedformat=rss,Content / RSS Content / RSS Social / RSS Wikipedia,Content: RSS,2023-01-17T11:03:43.656Z,,
C432 YouTube Feed,,https://www.youtube.com/feeds/videos.xml?channel_id=UCLy8Rf0TdYLVwLdd2FfMkjQ,Content / RSS Content / RSS Social / RSS YouTube,Content: RSS,2023-01-26T02:09:44.498Z,<screenshot>,
Bizarrap YouTube Feed,,https://www.youtube.com/feeds/videos.xml?channel_id=UCmS75G-98QihSusY7NfCZtw,Content / RSS Content / RSS Social / RSS YouTube,Content: RSS,2023-01-26T02:08:19.890Z,,
Sports Illustrated - YouTube Feed,,https://www.youtube.com/feeds/videos.xml?channel_id=UCPAt6z5uX_c5Eo_cSNROzYw,Content / RSS Content / RSS Social / RSS YouTube,Content: RSS,2023-01-17T11:09:03.040Z,<screenshot>,
DitroTube - YouTube Feed,,https://www.youtube.com/feeds/videos.xml?channel_id=UCVls1GmFKf6WlTraIb_IaJg,Content / RSS Content / RSS Social / RSS YouTube,Content: RSS,2023-01-17T16:38:21.346Z,<screenshot>,
Fireshio - YouTube Feed,,https://www.youtube.com/feeds/videos.xml?channel_id=UCsBjURrPoezykLs9EqgamOA,Content / RSS Content / RSS Social / RSS YouTube,Content: RSS,2023-01-17T13:05:01.619Z,<screenshot>,
FreeCodeCamp - YouTube Feed,,https://www.youtube.com/feeds/videos.xml?channel_id=UC8butISFwT-Wl7EV0hUK0BQ,Content / RSS Content / RSS Social / RSS YouTube,Content: RSS,2023-01-17T13:04:35.694Z,<screenshot>,
Ben Awad - YouTube Feed,,https://www.youtube.com/feeds/videos.xml?channel_id=UC-8QAzbLcRglXeN_MY9blyw,Content / RSS Content / RSS Social / RSS YouTube,Content: RSS,2023-01-17T12:59:25.756Z,<screenshot>,
Curiosity432 YouTube Feed,,https://www.youtube.com/feeds/videos.xml?channel_id=UCwfBPILhdtGY-JoANIjQg7A,Content / RSS Content / RSS Social / RSS YouTube,Content: RSS,2022-09-19T02:25:59.779Z,,
Pachamama - YT Videos Feed,,https://www.youtube.com/feeds/videos.xml?channel_id=UC4nWV3nXtB7iGUM-3zR4BYg,Content / RSS Content / RSS Social / RSS YouTube,Content: RSS,2022-11-30T04:01:19.225Z,<screenshot>,
KDE Store Feed,,https://store.kde.org/content.rdf,Content / RSS Content / RSS Store,Content: RSS,2023-01-17T16:27:46.891Z,<screenshot>,
Blog Humble Bundle Feed,null,http://blog.humblebundle.com/rss,Content / RSS Content / RSS Store,Content: RSS,2023-01-25T02:21:48.759Z,<screenshot>,
